{
  "employees": [
    {
      "name": "james",
      "salary": "25000",
      "designation": "pat",
      "id": 1
    },
    {
      "id": 2,
      "name": "Ryan ",
      "salary": 30000,
      "designation": "pa"
    },
    {
      "id": 3,
      "name": "Maddy ",
      "salary": 45000,
      "designation": "a"
    },
    {
      "name": "winsen",
      "salary": "450000",
      "designation": "a",
      "id": 4
    },
    {
      "name": "max",
      "salary": "25000",
      "designation": "pat",
      "id": 5
    }
  ]
}